id_prestador,nome,cpf,endereco,cep,bairro,datanascimento,cnh,fotolink
1,Carlos Silva,123.456.789-00,"Avenida das Flores, 123",12345-678,Centro,1985-05-20,A,https://drive.google.com/thumbnail?id=1zzH7atqZS8KfWqCDjt0YUV5whsxhVQlQ&sz=w1000
2,João Santos,234.567.890-01,"Rua do Sol, 456",23456-789,Jardim,1988-12-01,A/B,https://drive.google.com/thumbnail?id=1OYnth2iVSBNH3zj3fbYL6fx-bT3c6lnb&sz=w1000
3,Felipe Costa,345.678.901-02,"Alameda dos Pinheiros, 789",34567-890,Vila Nova,1984-11-22,B,https://drive.google.com/thumbnail?id=1gRkOBROoIr8quz-s0tMIgUXhhQwACFxZ&sz=w1000
4,Ricardo Almeida,456.789.012-03,"Estrada do Mar, 321",45678-901,Lagoa,1991-09-05,A,https://drive.google.com/thumbnail?id=13Xcxzp8MBACQV7HLjusjqpkyXMcMLdcK&sz=w1000
5,Lucas Rocha,567.890.123-04,"Praça da Liberdade, 654",56789-012,Praia,1993-10-27,A/B,https://drive.google.com/thumbnail?id=1r5L-yURuj-kOlkiaE18s7BrZLone7r78&sz=w1000
6,Anderson Oliveira,678.901.234-05,"Rua das Acácias, 987",67890-123,Montanha,1986-03-18,A,https://drive.google.com/thumbnail?id=1Ud2Ba6hi1PwqEtE6gA3kcC8k5z1s6t9o&sz=w1000
7,Fernando Lima,789.012.345-06,"Rua da Esperança, 159",78901-234,Serralheiro,1989-01-11,B,https://drive.google.com/thumbnail?id=1htD508YbeIF8lFFVb96yqVMVtw4o4RzA&sz=w1000
8,Gustavo Martins,890.123.456-07,"Avenida do Comércio, 753",89012-345,Campo,1992-07-14,A/B,https://drive.google.com/thumbnail?id=1Byy0DvFYDbYK0AkcCQcaMLDPqfIzYH57&sz=w1000
9,Thiago Pereira,901.234.567-08,"Rua das Palmeiras, 258",90123-456,Floresta,1987-02-23,A,https://drive.google.com/thumbnail?id=1vU6LEv6YFe5CyGeFWi8iXHBV8NbF9OsU&sz=w1000
10,Roberto Ferreira,012.345.678-09,"Rua do Limoeiro, 369",01234-567,Vale Verde,1983-06-30,B,https://drive.google.com/thumbnail?id=1LIm-3h828qArciMtHAcbFT1_nqCEPGX5&sz=w1000
11,Leonardo Mendes,123.456.789-10,"Avenida do Parque, 147",12345-678,Jardim,1990-04-12,A,https://drive.google.com/thumbnail?id=18EyJzGIR7w1P8oTKLfIvdxPfriL4tasG&sz=w1000
12,Vinicius Dias,234.567.890-11,"Rua da Alegria, 258",23456-789,Centro,1995-08-05,A/B,https://drive.google.com/thumbnail?id=1mu95trUhGwiLQirBOhLXoNrHnbtPGoKb&sz=w1000
13,Murilo Souza,345.678.901-12,"Alameda dos Lírios, 369",34567-890,Praia,1988-10-19,A,https://drive.google.com/thumbnail?id=1ypIYZlqqbOKM-LQGj3QB-1XqNRl9ifL1&sz=w1000
14,Diego Almeida,456.789.012-13,"Rua da Amizade, 456",45678-901,Lagoa,1991-03-16,B,https://drive.google.com/thumbnail?id=1ja-43XUUMpfEl8kNHOl201eQ2l5fssfI&sz=w1000
16,Julio Santos,678.901.234-15,"Praça da Paz, 678",67890-123,Floresta,1990-09-20,A,https://drive.google.com/thumbnail?id=1ySL6a1kmfupn6l8M1Ye7xJa8UN3dNreS&sz=w1000
18,Claudio Rocha,890.123.456-17,"Avenida da Harmonia, 890",89012-345,Vale Verde,1989-01-18,A/B,https://drive.google.com/thumbnail?id=1f8_HdX1q63mwgGyHo0PAabc1hxKcbVpR&sz=w1000
19,Eduardo Lima,901.234.567-18,"Rua da Liberdade, 901",90123-456,Campo,1993-11-21,A,https://drive.google.com/thumbnail?id=177u3SE60RX-EQR79Ajn6fMZoBWkjRCmL&sz=w1000
20,Marcelo Martins,012.345.678-19,"Rua do Horizonte, 012",01234-567,Jardim,1994-05-30,B,https://drive.google.com/thumbnail?id=1klEQXUEGsPuAgP44T-TE3njI7QvRvVu7&sz=w1000
15,Rafael Oliveira,567.890.123-14,"Estrada da Montanha, 567",56789-012,Serralheiro,1984-12-09,A/B,https://drive.google.com/thumbnail?id=1pmq2sU-kHB5x-EgjX3ZsOESNidvgR02Y&sz=w1000
17,Samuel Costa,789.012.345-16,"Rua do Bem, 789",78901-234,Montanha,1985-07-25,B,https://drive.google.com/thumbnail?id=140zmQYGLZgDFElaj1CLb_8D-saiMYbbj&sz=w1000
